title,content,excerpt,ad_type,categories,locations,tags,gallery_images,video_url,Post Date,Post Author ID,Author First name,Author Last name,Author Email,Author Username,pricing_type,price_type,price,max_price,social_profiles,website,email,phone,whatsApp,address,zipcode,Map Latitude,Map Longitude,Hide Map,Never Expire,Expiry Date,Views,status
Forecast Hotel Revenue with Optimized Precision,"<p>Properties when an unknown printer took a galley of type and scrambled it to make a type specimen book It has survived not only five centuries, but also the leap into electronic typesetting, remaining essentially unchanged. It was popularized release.</p>
<p>Properties when an unknown printer took a galley of type and scrambled it to make a type specimen book It has survived not only five centuries, but also the leap into electronic typesetting, remaining essentially unchanged. It was popularised release.Properti when an unknown printer took a galley of type and scrambled it to make a type specimen book It has survived not only five centuries, but also the leap into ypesetting, remaining essentially unchanged. It was popularized release.</p>
<p>Properti when an unknown printer took a galley of type and scrambled it to make a type specimen book It has survived not only five centuries, but also the leap into electronic typesetting, remaining essentially unchanged. It was popularised release.</p>
","Properties when an unknown printer took a galley of type and scrambled it to make a type specimen book It has survived not only five centuries, but also the leap into electronic typesetting, remaining essentially unchanged. It was popularized release. Properties when an unknown printer took a galley of type and scrambled it to make a type specimen book It has survived not only five centuries, but also the leap into electronic typesetting, remaining essentially unchanged. It was popularised release.Properti when an unknown printer took a galley of type and scrambled it to make a type specimen book It has",,motels,new-york,,"https://radiustheme.com/demo/wordpress/themes/clhotel/wp-content/uploads/classified-listing/2023/03/4-min-3.jpg,https://radiustheme.com/demo/wordpress/themes/clhotel/wp-content/uploads/classified-listing/2023/03/5-min-3.jpg,https://radiustheme.com/demo/wordpress/themes/clhotel/wp-content/uploads/classified-listing/2023/03/8-min-1.jpg,https://radiustheme.com/demo/wordpress/themes/clhotel/wp-content/uploads/classified-listing/2023/03/13-min-2.jpg,https://radiustheme.com/demo/wordpress/themes/clhotel/wp-content/uploads/classified-listing/2023/03/15-min-7.jpg,https://radiustheme.com/demo/wordpress/themes/clhotel/wp-content/uploads/classified-listing/2023/03/17-min-4.jpg,https://radiustheme.com/demo/wordpress/themes/clhotel/wp-content/uploads/classified-listing/2023/03/20-min-4.jpg,https://radiustheme.com/demo/wordpress/themes/clhotel/wp-content/uploads/classified-listing/2023/03/2-min-3.jpg",https://www.youtube.com/watch?v=MWJxuXffXK4,2023-03-14 09:32:43,9,Annette,Black,user1@example.com,annette_clha,price,fixed,200,,"facebook|https://facebook.com,twitter|https://twitter.com,linkedin|https://linkedin.com,pinterest|https://pinterest.com",https://authorwebsite.com,contact1@example.com,+1-555-0101,+1-555-0201,"650 Newyork, USA.",,40.7646511,-73.9525831,0,1,,194,publish
How To Increase Hotel Revenue in Low Season,"<p>Properties when an unknown printer took a galley of type and scrambled it to make a type specimen book It has survived not only five centuries, but also the leap into electronic typesetting, remaining essentially unchanged. It was popularized release.</p>
<p>Properties when an unknown printer took a galley of type and scrambled it to make a type specimen book It has survived not only five centuries, but also the leap into electronic typesetting, remaining essentially unchanged. It was popularised release.Properti when an unknown printer took a galley of type and scrambled it to make a type specimen book It has survived not only five centuries, but also the leap into ypesetting, remaining essentially unchanged. It was popularized release.</p>
<p>Properti when an unknown printer took a galley of type and scrambled it to make a type specimen book It has survived not only five centuries, but also the leap into electronic typesetting, remaining essentially unchanged. It was popularised release.</p>
","Properties when an unknown printer took a galley of type and scrambled it to make a type specimen book It has survived not only five centuries, but also the leap into electronic typesetting, remaining essentially unchanged. It was popularized release. Properties when an unknown printer took a galley of type and scrambled it to make a type specimen book It has survived not only five centuries, but also the leap into electronic typesetting, remaining essentially unchanged. It was popularised release.Properti when an unknown printer took a galley of type and scrambled it to make a type specimen book It has",,villa,new-york,,"https://radiustheme.com/demo/wordpress/themes/clhotel/wp-content/uploads/classified-listing/2023/03/3-min-3.jpg,https://radiustheme.com/demo/wordpress/themes/clhotel/wp-content/uploads/classified-listing/2023/03/9-min-2.jpg,https://radiustheme.com/demo/wordpress/themes/clhotel/wp-content/uploads/classified-listing/2023/03/11-min-8.jpg,https://radiustheme.com/demo/wordpress/themes/clhotel/wp-content/uploads/classified-listing/2023/03/14-min-8.jpg,https://radiustheme.com/demo/wordpress/themes/clhotel/wp-content/uploads/classified-listing/2023/03/15-min-6.jpg,https://radiustheme.com/demo/wordpress/themes/clhotel/wp-content/uploads/classified-listing/2023/03/16-min-4.jpg",https://www.youtube.com/watch?v=MWJxuXffXK4,2023-03-14 09:23:33,9,Annette,Black,user2@example.com,annette_clha,price,fixed,200,,"facebook|https://facebook.com,twitter|https://twitter.com,linkedin|https://linkedin.com,pinterest|https://pinterest.com",https://authorwebsite.com,contact2@example.com,+1-555-0102,+1-555-0202,"650 Newyork, USA.",,40.7646511,-73.9525831,0,1,,119,publish
Hotel Rooms Classified Based on the Occupants,"<p>Properties when an unknown printer took a galley of type and scrambled it to make a type specimen book It has survived not only five centuries, but also the leap into electronic of the typesetting, remaining essentially unchanged. It was popularized release.</p>
<p>Properties when an unknown printer took a galley of type and scrambled it to make a type specimen book It has survived not only five centuries, but also the leap into electronic of the typesetting, remaining essentially unchanged. It was popularised release.Properti when an unknown printer took a galley of type and scrambled it to make a type specimen book  has survived not only five centuries, but also the leap into ypesetting, remaining essentially unchanged. It was popularized release.</p>
<p>Properti when an unknown printer took a galley of type and scrambled it to make a type specimen book It has survived not only five centuries, but also the leap into electronic.</p>
","Properties when an unknown printer took a galley of type and scrambled it to make a type specimen book It has survived not only five centuries, but also the leap into electronic of the typesetting, remaining essentially unchanged. It was popularized release. Properties when an unknown printer took a galley of type and scrambled it to make a type specimen book It has survived not only five centuries, but also the leap into electronic of the typesetting, remaining essentially unchanged. It was popularised release.Properti when an unknown printer took a galley of type and scrambled it to make a type",,hotel,los-angeles,,"https://radiustheme.com/demo/wordpress/themes/clhotel/wp-content/uploads/classified-listing/2023/03/20-min-3.jpg,https://radiustheme.com/demo/wordpress/themes/clhotel/wp-content/uploads/classified-listing/2023/03/1-min-3.jpg,https://radiustheme.com/demo/wordpress/themes/clhotel/wp-content/uploads/classified-listing/2023/03/2-min-2.jpg,https://radiustheme.com/demo/wordpress/themes/clhotel/wp-content/uploads/classified-listing/2023/03/3-min-2.jpg,https://radiustheme.com/demo/wordpress/themes/clhotel/wp-content/uploads/classified-listing/2023/03/4-min-2.jpg,https://radiustheme.com/demo/wordpress/themes/clhotel/wp-content/uploads/classified-listing/2023/03/13-min-1.jpg",https://www.youtube.com/watch?v=MWJxuXffXK4,2023-03-14 07:35:32,8,Jenny,Wilson,user3@example.com,jenny_clha,price,fixed,200,,"facebook|https://facebook.com,twitter|https://twitter.com,linkedin|https://linkedin.com,pinterest|https://pinterest.com",https://authorwebsite.com,contact3@example.com,+1-555-0103,+1-555-0203,"370 Los Angeles, USA",,34.0536909,-118.242766,0,1,,344,publish
Presidential suite emphasizes comfort and luxury,"<p>Properties when an unknown printer took a galley of type and scrambled it to make a type specimen book It has survived not only five centuries, but also the leap into electronic typesetting, remaining essentially unchanged. It was popularized release.</p>
<p>Properties when an unknown printer took a galley of type and scrambled it to make a type specimen book It has survived not only five centuries, but also the leap into electronic typesetting, remaining essentially unchanged. It was popularised release.Properti when an unknown printer took a galley of type and scrambled it to make a type specimen book It has survived not only five centuries, but also the leap into ypesetting, remaining essentially unchanged. It was popularized release.</p>
<p>Properti when an unknown printer took a galley of type and scrambled it to make a type specimen book It has survived not only five centuries, but also the leap into electronic typesetting, remaining essentially unchanged. It was popularised release.</p>
","Properties when an unknown printer took a galley of type and scrambled it to make a type specimen book It has survived not only five centuries, but also the leap into electronic typesetting, remaining essentially unchanged. It was popularized release. Properties when an unknown printer took a galley of type and scrambled it to make a type specimen book It has survived not only five centuries, but also the leap into electronic typesetting, remaining essentially unchanged. It was popularised release.Properti when an unknown printer took a galley of type and scrambled it to make a type specimen book It has",,resorts,los-angeles,,"https://radiustheme.com/demo/wordpress/themes/clhotel/wp-content/uploads/classified-listing/2023/03/18-min-7.jpg,https://radiustheme.com/demo/wordpress/themes/clhotel/wp-content/uploads/classified-listing/2023/03/6-min-6.jpg,https://radiustheme.com/demo/wordpress/themes/clhotel/wp-content/uploads/classified-listing/2023/03/7-min-7.jpg,https://radiustheme.com/demo/wordpress/themes/clhotel/wp-content/uploads/classified-listing/2023/03/10-min-5.jpg,https://radiustheme.com/demo/wordpress/themes/clhotel/wp-content/uploads/classified-listing/2023/03/11-min-7.jpg,https://radiustheme.com/demo/wordpress/themes/clhotel/wp-content/uploads/classified-listing/2023/03/14-min-7.jpg",https://www.youtube.com/watch?v=xsxhvEfXU6k,2023-03-14 07:08:57,12,Robin,Adams,user4@example.com,robin_clhso,price,fixed,70,,"facebook|https://facebook.com,twitter|https://twitter.com,linkedin|https://linkedin.com,pinterest|https://printerest.com",https://authorwebsite.com,contact4@example.com,+1-555-0104,,1133 Red Dog Road,,,,0,1,,203,publish
Villa allows groups of people to their personal space,"<p>Properties when an unknown printer took a galley of type and scrambled it to make a type specimen book It has survived not only five centuries, but also the leap into electronic typesetting, remaining essentially unchanged. It was popularized release.</p>
<p>Properties when an unknown printer took a galley of type and scrambled it to make a type specimen book It has survived not only five centuries, but also the leap into electronic typesetting, remaining essentially unchanged. It was popularised release.Properti when an unknown printer took a galley of type and scrambled it to make a type specimen book It has survived not only five centuries, but also the leap into ypesetting, remaining essentially unchanged. It was popularized release.</p>
<p>Properti when an unknown printer took a galley of type and scrambled it to make a type specimen book It has survived not only five centuries, but also the leap into electronic typesetting, remaining essentially unchanged. It was popularised release.</p>
","Properties when an unknown printer took a galley of type and scrambled it to make a type specimen book It has survived not only five centuries, but also the leap into electronic typesetting, remaining essentially unchanged. It was popularized release. Properties when an unknown printer took a galley of type and scrambled it to make a type specimen book It has survived not only five centuries, but also the leap into electronic typesetting, remaining essentially unchanged. It was popularised release.Properti when an unknown printer took a galley of type and scrambled it to make a type specimen book It has",,villa,los-angeles,,"https://radiustheme.com/demo/wordpress/themes/clhotel/wp-content/uploads/classified-listing/2023/03/16-min-3.jpg,https://radiustheme.com/demo/wordpress/themes/clhotel/wp-content/uploads/classified-listing/2023/03/1-min-2.jpg,https://radiustheme.com/demo/wordpress/themes/clhotel/wp-content/uploads/classified-listing/2023/03/3-min-1.jpg,https://radiustheme.com/demo/wordpress/themes/clhotel/wp-content/uploads/classified-listing/2023/03/9-min-1.jpg,https://radiustheme.com/demo/wordpress/themes/clhotel/wp-content/uploads/classified-listing/2023/03/11-min-4.jpg,https://radiustheme.com/demo/wordpress/themes/clhotel/wp-content/uploads/classified-listing/2023/03/14-min-4.jpg",https://www.youtube.com/watch?v=RiXdDGk_XCU,2023-03-02 04:09:02,12,Robin,Adams,user5@example.com,robin_clhso,price,fixed,100,,,https://authorwebsite.com,contact5@example.com,+1-555-0105,,2079 Aviation Way,,33.873529346938774,-118.37985680612245,0,1,,111,publish
The basic accommodations would expect to hotel room,"<p>Properties when an unknown printer took a galley of type and scrambled it to make a type specimen book It has survived not only five centuries, but also the leap into electronic typesetting, remaining essentially unchanged. It was popularized release.</p>
<p>Properties when an unknown printer took a galley of type and scrambled it to make a type specimen book It has survived not only five centuries, but also the leap into electronic typesetting, remaining essentially unchanged. It was popularised release.Properti when an unknown printer took a galley of type and scrambled it to make a type specimen book It has survived not only five centuries, but also the leap into ypesetting, remaining essentially unchanged. It was popularized release.</p>
<p>Properti when an unknown printer took a galley of type and scrambled it to make a type specimen book It has survived not only five centuries, but also the leap into electronic typesetting, remaining essentially unchanged. It was popularised release.</p>
","Properties when an unknown printer took a galley of type and scrambled it to make a type specimen book It has survived not only five centuries, but also the leap into electronic typesetting, remaining essentially unchanged. It was popularized release. Properties when an unknown printer took a galley of type and scrambled it to make a type specimen book It has survived not only five centuries, but also the leap into electronic typesetting, remaining essentially unchanged. It was popularised release.Properti when an unknown printer took a galley of type and scrambled it to make a type specimen book It has",,hotel,los-angeles,,"https://radiustheme.com/demo/wordpress/themes/clhotel/wp-content/uploads/classified-listing/2023/03/5-min-2.jpg,https://radiustheme.com/demo/wordpress/themes/clhotel/wp-content/uploads/classified-listing/2023/03/6-min-2.jpg,https://radiustheme.com/demo/wordpress/themes/clhotel/wp-content/uploads/classified-listing/2023/03/7-min-3.jpg,https://radiustheme.com/demo/wordpress/themes/clhotel/wp-content/uploads/classified-listing/2023/03/18-min-3.jpg,https://radiustheme.com/demo/wordpress/themes/clhotel/wp-content/uploads/classified-listing/2023/03/19-min-3.jpg,https://radiustheme.com/demo/wordpress/themes/clhotel/wp-content/uploads/classified-listing/2023/03/20-min-2.jpg",https://www.youtube.com/watch?v=RiXdDGk_XCU,2023-03-01 12:25:21,11,Savannah,Nguyen,user6@example.com,savannah_clha,price,fixed,70,,,https://authorwebsite.com,contact6@example.com,+1-555-0106,,"86 Peck Street, USA.",,34.0536909,-118.242766,0,1,,72,publish
"A double room, though, can contain up to four people","<p>When an unknown printer took a galley of type and scrambled it to make a type specimen book It has survived not only five centuries-but also the leap into electronic typesetting, remaining essentially unchanged. It was popularized.</p>
<p>An unknown printer took a galley of type and scrambled it to make a type specimen book It has survived not only five centuries-but also the leap into electronic typesetting, remaining essentially unchanged.</p>
","When an unknown printer took a galley of type and scrambled it to make a type specimen book It has survived not only five centuries-but also the leap into electronic typesetting, remaining essentially unchanged. It was popularized. An unknown printer took a galley of type and scrambled it to make a type specimen book It has survived not only five centuries-but also the leap into electronic typesetting, remaining essentially unchanged.",,motels,new-york,,"https://radiustheme.com/demo/wordpress/themes/clhotel/wp-content/uploads/classified-listing/2023/03/18-min-2.jpg,https://radiustheme.com/demo/wordpress/themes/clhotel/wp-content/uploads/classified-listing/2023/03/6-min-1.jpg,https://radiustheme.com/demo/wordpress/themes/clhotel/wp-content/uploads/classified-listing/2023/03/7-min-2.jpg,https://radiustheme.com/demo/wordpress/themes/clhotel/wp-content/uploads/classified-listing/2023/03/10-min-2.jpg,https://radiustheme.com/demo/wordpress/themes/clhotel/wp-content/uploads/classified-listing/2023/03/11-min-2.jpg",https://www.youtube.com/watch?v=RiXdDGk_XCU,2023-03-01 10:53:31,9,Annette,Black,user7@example.com,annette_clha,price,fixed,80,,,https://authorwebsite.com,contact7@example.com,+1-555-0107,+1-555-0207,"650 Newyork, USA.",,40.7646511,-73.9525831,,1,,47,publish
Twin rooms often better for those traveling with friend,"<p>When an unknown printer took a galley of type and scrambled it to make a type specimen book It has survived not only five centuries-but also the leap into electronic typesetting, remaining essentially unchanged. It was popularized.</p>
<p>An unknown printer took a galley of type and scrambled it to make a type specimen book It has survived not only five centuries-but also the leap into electronic typesetting, remaining essentially unchanged.</p>
","When an unknown printer took a galley of type and scrambled it to make a type specimen book It has survived not only five centuries-but also the leap into electronic typesetting, remaining essentially unchanged. It was popularized. An unknown printer took a galley of type and scrambled it to make a type specimen book It has survived not only five centuries-but also the leap into electronic typesetting, remaining essentially unchanged.",,hotel,los-angeles,,"https://radiustheme.com/demo/wordpress/themes/clhotel/wp-content/uploads/classified-listing/2023/03/20-min-1.jpg,https://radiustheme.com/demo/wordpress/themes/clhotel/wp-content/uploads/classified-listing/2023/03/4-min-1.jpg,https://radiustheme.com/demo/wordpress/themes/clhotel/wp-content/uploads/classified-listing/2023/03/5-min-1.jpg,https://radiustheme.com/demo/wordpress/themes/clhotel/wp-content/uploads/classified-listing/2023/03/13-min.jpg,https://radiustheme.com/demo/wordpress/themes/clhotel/wp-content/uploads/classified-listing/2023/03/15-min-5.jpg,https://radiustheme.com/demo/wordpress/themes/clhotel/wp-content/uploads/classified-listing/2023/03/17-min-3.jpg",https://www.youtube.com/watch?v=RiXdDGk_XCU,2023-03-01 10:13:34,8,Jenny,Wilson,user8@example.com,jenny_clha,price,fixed,70,,,https://authorwebsite.com,contact8@example.com,+1-555-0108,+1-555-0208,1133 Red Dog Road,,34.0536909,-118.242766,0,1,,53,publish
The difference pertaining to the size of the beds,"<p>When an unknown printer took a galley of type and scrambled it to make a type specimen book It has survived not only five centuriesbut also the leap into electronic typesetting, remaining essentially unchanged. It was popularised.</p>
<p>An unknown printer took a galley of type and scrambled it to make a type specimen book It has survived not only five centuriesbut also the leap into electronic typesetting, remaining essentially unchanged.</p>
","When an unknown printer took a galley of type and scrambled it to make a type specimen book It has survived not only five centuriesbut also the leap into electronic typesetting, remaining essentially unchanged. It was popularised. An unknown printer took a galley of type and scrambled it to make a type specimen book It has survived not only five centuriesbut also the leap into electronic typesetting, remaining essentially unchanged.",,inns,los-angeles,,"https://radiustheme.com/demo/wordpress/themes/clhotel/wp-content/uploads/classified-listing/2023/03/16-min-2.jpg,https://radiustheme.com/demo/wordpress/themes/clhotel/wp-content/uploads/classified-listing/2023/03/17-min-2.jpg,https://radiustheme.com/demo/wordpress/themes/clhotel/wp-content/uploads/classified-listing/2023/03/1-min-1.jpg,https://radiustheme.com/demo/wordpress/themes/clhotel/wp-content/uploads/classified-listing/2023/03/2-min-1.jpg,https://radiustheme.com/demo/wordpress/themes/clhotel/wp-content/uploads/classified-listing/2023/03/3-min.jpg,https://radiustheme.com/demo/wordpress/themes/clhotel/wp-content/uploads/classified-listing/2023/03/15-min-4.jpg",https://www.youtube.com/watch?v=RiXdDGk_XCU,2023-03-01 09:32:11,5,Martin,Eva,user9@example.com,martin_clhso,price,fixed,40,,,https://authorwebsite.com,contact9@example.com,+1-555-0109,+1-555-0209,"48 Los Angeles, USA",78454,34.0536909,-118.242766,0,1,,45,publish
Twin and double room contain two beds space,"<p>When an unknown printer took a galley of type and scrambled it to make a type specimen book It has survived not only five centuriesbut also the leap into electronic typesetting, remaining essentially unchanged. It was popularised.</p>
<p>An unknown printer took a galley of type and scrambled it to make a type specimen book It has survived not only five centuriesbut also the leap into electronic typesetting, remaining essentially unchanged.</p>
","When an unknown printer took a galley of type and scrambled it to make a type specimen book It has survived not only five centuriesbut also the leap into electronic typesetting, remaining essentially unchanged. It was popularised. An unknown printer took a galley of type and scrambled it to make a type specimen book It has survived not only five centuriesbut also the leap into electronic typesetting, remaining essentially unchanged.",,cottage,new-york,,"https://radiustheme.com/demo/wordpress/themes/clhotel/wp-content/uploads/classified-listing/2023/03/19-min-2.jpg,https://radiustheme.com/demo/wordpress/themes/clhotel/wp-content/uploads/classified-listing/2023/03/9-min.jpg,https://radiustheme.com/demo/wordpress/themes/clhotel/wp-content/uploads/classified-listing/2023/03/11-min-1.jpg,https://radiustheme.com/demo/wordpress/themes/clhotel/wp-content/uploads/classified-listing/2023/03/14-min-2.jpg,https://radiustheme.com/demo/wordpress/themes/clhotel/wp-content/uploads/classified-listing/2023/03/15-min-3.jpg,https://radiustheme.com/demo/wordpress/themes/clhotel/wp-content/uploads/classified-listing/2023/03/7-min-1.jpg",https://www.youtube.com/watch?v=RiXdDGk_XCU,2023-03-01 09:21:33,2,Alina,Fraser,user10@example.com,alina_clhso,price,fixed,100,,,https://demoyoursite.com,contact10@example.com,+1-555-0110,+1-555-0210,"402 Newyork, USA",10001,40.9197284,-72.9022886,0,1,,41,publish
The room has one bed meant for one person or a couple,"<p>When an unknown printer took a galley of type and scrambled it to make a type specimen book It has survived not only five centuries-but also the leap into electronic typesetting, remaining essentially unchanged. It was popularized.</p>
<p>An unknown printer took a galley of type and scrambled it to make a type specimen book It has survived not only five centuries-but also the leap into electronic typesetting, remaining essentially unchanged.</p>
","When an unknown printer took a galley of type and scrambled it to make a type specimen book It has survived not only five centuries-but also the leap into electronic typesetting, remaining essentially unchanged. It was popularized. An unknown printer took a galley of type and scrambled it to make a type specimen book It has survived not only five centuries-but also the leap into electronic typesetting, remaining essentially unchanged.",,inns,portland,,"https://radiustheme.com/demo/wordpress/themes/clhotel/wp-content/uploads/classified-listing/2023/03/14-min-1.jpg,https://radiustheme.com/demo/wordpress/themes/clhotel/wp-content/uploads/classified-listing/2023/03/18-min-1.jpg,https://radiustheme.com/demo/wordpress/themes/clhotel/wp-content/uploads/classified-listing/2023/03/19-min-1.jpg,https://radiustheme.com/demo/wordpress/themes/clhotel/wp-content/uploads/classified-listing/2023/03/6-min.jpg,https://radiustheme.com/demo/wordpress/themes/clhotel/wp-content/uploads/classified-listing/2023/03/7-min.jpg,https://radiustheme.com/demo/wordpress/themes/clhotel/wp-content/uploads/classified-listing/2023/03/10-min-1.jpg",https://www.youtube.com/watch?v=RiXdDGk_XCU,2023-03-01 09:08:17,7,Kristin,Watson,user11@example.com,kristin_clha,price,fixed,5.0,,,,contact11@example.com,+1-555-0111,+1-555-0211,"380 Portland, USA.",97035,45.522663699999995,-122.79565059999999,0,1,,39,publish
Picking the particular room one that will be comfortable,"<p>Anim pariatur cliche reprehenderit, enim eiusmod high life accusamus terry richardson ad squid. 3 wolf moon officia aute, non cupidatat skateboard dolor brunch. Food truck quinoa nesciunt laborum eiusmod.</p>
","Anim pariatur cliche reprehenderit, enim eiusmod high life accusamus terry richardson ad squid. 3 wolf moon officia aute, non cupidatat skateboard dolor brunch. Food truck quinoa nesciunt laborum eiusmod.",,hotel,kansas,,"https://radiustheme.com/demo/wordpress/themes/clhotel/wp-content/uploads/classified-listing/2023/03/15-min-2.jpg,https://radiustheme.com/demo/wordpress/themes/clhotel/wp-content/uploads/classified-listing/2023/03/1-min.jpg,https://radiustheme.com/demo/wordpress/themes/clhotel/wp-content/uploads/classified-listing/2023/03/2-min.jpg,https://radiustheme.com/demo/wordpress/themes/clhotel/wp-content/uploads/classified-listing/2023/03/4-min.jpg,https://radiustheme.com/demo/wordpress/themes/clhotel/wp-content/uploads/classified-listing/2023/03/5-min.jpg,https://radiustheme.com/demo/wordpress/themes/clhotel/wp-content/uploads/classified-listing/2023/03/8-min.jpg",https://www.youtube.com/watch?v=RiXdDGk_XCU,2023-03-01 07:40:48,10,Eleanor,Pena,user12@example.com,eleanor_clha,price,fixed,200,,,https://radiustheme.com,contact12@example.com,+1-555-0112,+1-555-0212,"887 Kansas, USA.",66101,38.9798112,-95.33788677785651,0,1,,57,publish
Every lives to experience different places and truly relax,"<p>Anim pariatur cliche reprehenderit, enim eiusmod high life accusamus terry richardson ad squid. 3 wolf moon officia aute, non cupidatat skateboard dolor brunch. Food truck quinoa nesciunt laborum eiusmod.</p>
","Anim pariatur cliche reprehenderit, enim eiusmod high life accusamus terry richardson ad squid. 3 wolf moon officia aute, non cupidatat skateboard dolor brunch. Food truck quinoa nesciunt laborum eiusmod.",,motels,kansas,,"https://radiustheme.com/demo/wordpress/themes/clhotel/wp-content/uploads/classified-listing/2023/03/14-min.jpg,https://radiustheme.com/demo/wordpress/themes/clhotel/wp-content/uploads/classified-listing/2023/03/15-min-1.jpg,https://radiustheme.com/demo/wordpress/themes/clhotel/wp-content/uploads/classified-listing/2023/03/16-min-1.jpg,https://radiustheme.com/demo/wordpress/themes/clhotel/wp-content/uploads/classified-listing/2023/03/17-min-1.jpg,https://radiustheme.com/demo/wordpress/themes/clhotel/wp-content/uploads/classified-listing/2023/03/18-min.jpg,https://radiustheme.com/demo/wordpress/themes/clhotel/wp-content/uploads/classified-listing/2023/03/19-min.jpg,https://radiustheme.com/demo/wordpress/themes/clhotel/wp-content/uploads/classified-listing/2023/03/20-min.jpg",https://www.youtube.com/watch?v=RiXdDGk_XCU,2023-03-01 06:49:21,4,Kian,Bailey,user13@example.com,kian_clha,price,fixed,20,,,,contact13@example.com,+1-555-0113,+1-555-0213,"72 New Street, USA.",,37.222805,-95.731264,0,1,,30,publish
Traveling is one of the greatest joys in life,"<p>When an unknown printer took a galley of type and scrambled it to make a type specimen book It has survived not only five centuriesbut also the leap into electronic typesetting, remaining essentially unchanged. It was popularised.</p>
<p>An unknown printer took a galley of type and scrambled it to make a type specimen book It has survived not only five centuriesbut also the leap into electronic typesetting, remaining essentially unchanged.</p>
","When an unknown printer took a galley of type and scrambled it to make a type specimen book It has survived not only five centuriesbut also the leap into electronic typesetting, remaining essentially unchanged. It was popularised. An unknown printer took a galley of type and scrambled it to make a type specimen book It has survived not only five centuriesbut also the leap into electronic typesetting, remaining essentially unchanged.",,inns,florida,,"https://radiustheme.com/demo/wordpress/themes/clhotel/wp-content/uploads/classified-listing/2023/03/10-min.jpg,https://radiustheme.com/demo/wordpress/themes/clhotel/wp-content/uploads/classified-listing/2023/03/11-min.jpg,https://radiustheme.com/demo/wordpress/themes/clhotel/wp-content/uploads/classified-listing/2023/03/12-min.jpg,https://radiustheme.com/demo/wordpress/themes/clhotel/wp-content/uploads/classified-listing/2023/03/15-min.jpg,https://radiustheme.com/demo/wordpress/themes/clhotel/wp-content/uploads/classified-listing/2023/03/16-min.jpg,https://radiustheme.com/demo/wordpress/themes/clhotel/wp-content/uploads/classified-listing/2023/03/17-min.jpg",https://www.youtube.com/watch?v=RiXdDGk_XCU,2023-03-01 06:38:34,4,Kian,Bailey,user14@example.com,kian_clha,price,fixed,25,,,,contact14@example.com,+1-555-0114,,"990 Florida, USA.",,26.1090539,-80.3892794,0,1,,40,publish
SpringHill Suites by Hotel Marriott Atlanta Buckhead,"<p>When an unknown printer took a galley of type and scrambled it to make a type specimen book It has survived not only five centuriesbut also the leap into electronic typesetting, remaining essentially unchanged. It was popularised.</p>
<p>An unknown printer took a galley of type and scrambled it to make a type specimen book It has survived not only five centuriesbut also the leap into electronic typesetting, remaining essentially unchanged.</p>
","When an unknown printer took a galley of type and scrambled it to make a type specimen book It has survived not only five centuriesbut also the leap into electronic typesetting, remaining essentially unchanged. It was popularised. An unknown printer took a galley of type and scrambled it to make a type specimen book It has survived not only five centuriesbut also the leap into electronic typesetting, remaining essentially unchanged.",,cottage,california,,"https://radiustheme.com/demo/wordpress/themes/clhotel/wp-content/uploads/classified-listing/2023/02/4-min.jpg,https://radiustheme.com/demo/wordpress/themes/clhotel/wp-content/uploads/classified-listing/2023/02/5-min.jpg,https://radiustheme.com/demo/wordpress/themes/clhotel/wp-content/uploads/classified-listing/2023/02/8-min.jpg,https://radiustheme.com/demo/wordpress/themes/clhotel/wp-content/uploads/classified-listing/2023/02/1-min.jpg,https://radiustheme.com/demo/wordpress/themes/clhotel/wp-content/uploads/classified-listing/2023/02/2-min.jpg,https://radiustheme.com/demo/wordpress/themes/clhotel/wp-content/uploads/classified-listing/2023/02/3-min.jpg",https://www.youtube.com/watch?v=RiXdDGk_XCU,2023-02-27 06:12:07,3,Corey,Burke,user15@example.com,corey_clhso,price,fixed,100,,"facebook|https://facebook.com,twitter|https://twitter.com,youtube|https://youtube.com,linkedin|https://linkedin.com",,contact15@example.com,+1-555-0115,,"52 California, USA",78454,37.983598,-122.07140477083334,0,1,,54,publish
